id,fecha,ciudad,producto,total
156,2026-08-21,Bogotá,Martillo,90000
134,2026-08-26,  BARRANQUILLA ,Alicate,56000
138,2026-05-22,Barranquilla,Martillo,90000
34,2026-05-17,Bogotá,Taladro,150000
141,2026-02-11,Cali,Martillo,135000
44,2026-09-01,Barranquilla,Sierra,640000
178,2026-07-14,Bogotá,Sierra,1280000
38,2026-04-12,Cali,Nivel,190000
150,2026-06-22,Pereira,Taladro,600000
3,2026-02-14,Barranquilla,Nivel,190000
175,2026-08-27,Pereira,Destornillador,60000
23,2026-07-25,Bogotá,Taladro,450000
28,2026-07-24,Bogotá,Alicate,140000
76,2026-09-25,Bogotá,Taladro,600000
103,2026-04-24,Cali,Taladro,
130,2026-05-05,Cali,Alicate,112000
185,2026-05-31,Cali,Taladro,150000
123,2026-04-20,Barranquilla,Alicate,112000
107,2026-07-24,Barranquilla,Martillo,225000
26,2026-03-13,Cali,Sierra,960000
82,2026-02-05,Cali,Sierra,960000
8,2026-03-23,Pereira,Martillo,45000
87,2026-03-21,Bogotá,Nivel,190000
102,2026-02-25,Pereira,Martillo,90000
179,2026-06-16,Cali,Taladro,600000
48,2026-05-07,Cali,Alicate,28000
190,2026-03-03,Cali,Martillo,90000
49,2026-01-11,Barranquilla,Taladro,450000
92,2026-03-24,Pereira,Sierra,960000
152,2026-01-14,Pereira,Destornillador,75000
132,2026-09-23,Pereira,Sierra,640000
56,2026-07-01,Pereira,Taladro,600000
172,2026-02-24,Pereira,Alicate,112000
50,2026-04-23,Medellín,Destornillador,30000
158,2026-08-29,Medellín,Martillo,45000
145,ayer,Pereira,Taladro,300000
61,2026-05-08,Medellín,Martillo,180000
100,2026-07-31,Medellín,Sierra,640000
157,2026-05-23,Pereira,Martillo,180000
174,2026-05-19,Barranquilla,Sierra,1600000
22,2026-13-45,Cali,Sierra,960000
118,2026-03-07,Cali,Nivel,114000
171,2026-06-24,Medellín,Taladro,750000
122,2026-06-14,Pereira,Alicate,140000
189,2026-05-19,Bogotá,Nivel,152000
91,2026-01-02,Bogotá,Martillo,45000
169,2026-03-03,Barranquilla,Nivel,114000
13,2026-02-10,Barranquilla,Taladro,600000
94,2026-01-19,Bogotá,Taladro,300000
10,2026-02-17,Pereira,Martillo,45000
36,2026-05-15,Barranquilla,Alicate,28000
173,2026-03-20,Pereira,Martillo,180000
101,2026-07-30,Cali,Sierra,960000
196,2026-01-24,Medellín,Sierra,960000
77,2026-06-10,  CALI ,Martillo,90000
54,2026-08-31,Cali,Destornillador,30000
124,2026-02-13,Bogotá,Alicate,56000
18,2026-07-01,Cali,Sierra,960000
159,2026-01-27,Bogotá,Nivel,190000
106,2026-02-05,Bogotá,Martillo,135000
186,2026-06-06,Barranquilla,Alicate,56000
46,2026-04-13,Bogotá,Alicate,56000
93,2026-01-05,Medellín,Destornillador,60000
128,2026-02-07,Pereira,Alicate,140000
198,2026-05-26,Pereira,Taladro,150000
163,2026-04-22,Pereira,Nivel,38000
97,2026-04-18,Cali,Taladro,450000
155,2026-05-14,Pereira,Sierra,320000
29,2026-09-18,Pereira,Sierra,640000
108,2026-03-01,Bogotá,Martillo,45000
96,2026-06-07,Bogotá,Sierra,320000
160,2026-01-21,Medellín,Sierra,320000
2,2026-03-13,Medellín,Sierra,640000
84,2026-09-28,Medellín,Destornillador,45000
40,2026-01-10,Medellín,Martillo,180000
162,2026-03-06,Pereira,Sierra,
31,31/02/2026,Barranquilla,Nivel,76000
4,2026-01-16,Medellín,Alicate,28000
165,2026-02-28,Cali,Destornillador,75000
63,2026-01-08,Medellín,Nivel,190000
88,2026-04-18,Bogotá,Martillo,225000
194,2026-04-27,Bogotá,Sierra,960000
17,2026-08-21,Bogotá,Alicate,
147,2026-06-02,Pereira,Taladro,450000
35,2026-08-11,Cali,Taladro,450000
27,2026-05-15,Barranquilla,Nivel,190000
95,2026-03-17,Pereira,Destornillador,75000
57,2026-01-28,Medellín,Alicate,112000
81,2026-09-17,Bogotá,Destornillador,30000
183,2026-09-08,Barranquilla,Sierra,1280000
80,2026-02-21,Medellín,Alicate,140000
136,2026-08-07,Barranquilla,Destornillador,75000
67,2026-05-27,Pereira,Martillo,180000
25,2026-07-22,Pereira,Nivel,152000
144,2026-08-27,Pereira,Alicate,84000
119,2026-03-31,Barranquilla,Alicate,112000
184,2026-09-09,Pereira,Sierra,1280000
154,2026-03-11,Pereira,Nivel,152000
115,2026-06-19,Barranquilla,Alicate,28000
196,2026-01-24,Medellín,Sierra,960000
66,2026-01-02,Pereira,Sierra,1280000
135,2026-06-12,Pereira,Destornillador,75000
99,2026-03-21,Cali,Alicate,140000
15,2026-01-24,Cali,Sierra,320000
125,2026-06-21,Medellín,Destornillador,75000
33,2026-05-09,Barranquilla,Alicate,140000
197,2026-03-06,Pereira,Destornillador,45000
12,2026-08-24,Barranquilla,Martillo,45000
199,2026-06-24,  CALI ,Alicate,112000
5,2026-09-16,Barranquilla,Sierra,640000
71,2026-09-02,Barranquilla,Taladro,150000
98,2026-07-01,  BARRANQUILLA ,Nivel,38000
195,2026-01-08,Barranquilla,Sierra,960000
52,2026-02-06,Barranquilla,Taladro,450000
85,2026-06-03,Medellín,Nivel,190000
167,2026-07-23,Cali,Destornillador,60000
64,2026-13-45,Pereira,Sierra,640000
89,2026-09-16,Pereira,Sierra,960000
193,2026-05-25,Medellín,Destornillador,75000
131,2026-02-24,Pereira,Nivel,38000
149,2026-08-12,Pereira,Sierra,960000
110,2026-08-11,  BOGOTÁ ,Taladro,750000
14,2026-07-05,Barranquilla,Martillo,
86,2026-03-01,Medellín,Sierra,960000
42,2026-02-10,Medellín,Sierra,1600000
164,2026-07-08,Cali,Nivel,114000
53,2026-09-06,Cali,Sierra,960000
90,2026-02-17,Pereira,Martillo,45000
137,2026-09-01,Pereira,Alicate,56000
143,2026-02-02,Pereira,Nivel,76000
126,2026-04-26,Cali,Sierra,
112,2026-07-17,Barranquilla,Destornillador,15000
47,2026-08-13,Barranquilla,Alicate,84000
72,2026-01-30,Barranquilla,Destornillador,30000
114,2026-04-11,  BOGOTÁ ,Taladro,750000
133,2026-05-08,Medellín,Taladro,750000
191,2026-04-05,Cali,Martillo,45000
200,2026-09-02,Medellín,Taladro,450000
148,2026-04-23,Pereira,Alicate,
168,2026-05-05,Medellín,Taladro,750000
6,2026-04-12,Barranquilla,Taladro,750000
59,2026-04-08,Barranquilla,Sierra,640000
24,2026-06-11,Cali,Taladro,300000
7,2026-08-18,Barranquilla,Alicate,56000
65,2026-07-25,Medellín,Alicate,56000
83,2026-03-22,Pereira,Martillo,135000
111,2026-08-12,Barranquilla,Nivel,114000
11,2026-06-26,Barranquilla,Taladro,450000
157,2026-05-23,Pereira,Martillo,180000
159,2026-01-27,Bogotá,Nivel,190000
127,2026-01-24,Cali,Sierra,320000
139,2026-05-21,Pereira,Alicate,56000
129,2026-04-10,Pereira,Alicate,140000
70,2026-02-01,Bogotá,Destornillador,75000
104,2026-06-06,Cali,Alicate,84000
78,2026-13-45,Bogotá,Martillo,180000
120,2026-07-27,Barranquilla,Destornillador,45000
32,2026-07-15,Barranquilla,Taladro,600000
113,2026-01-23,Pereira,Sierra,960000
187,2026-06-26,Pereira,Martillo,180000
146,2026-07-14,  PEREIRA ,Destornillador,15000
192,2026-05-22,Barranquilla,Sierra,1280000
79,2026-02-07,  MEDELLÍN ,Alicate,84000
43,2026-02-05,Barranquilla,Nivel,152000
16,2026-04-30,Medellín,Martillo,45000
182,2026-04-08,Medellín,Taladro,750000
37,2026-02-24,Bogotá,Sierra,1600000
69,2026-04-22,Medellín,Sierra,960000
39,2026-13-45,Barranquilla,Martillo,90000
166,2026-01-14,Bogotá,Martillo,45000
58,2026-06-23,Medellín,Taladro,600000
140,2026-05-01,Bogotá,Taladro,450000
30,2026-02-26,Cali,Taladro,150000
109,2026-05-16,Medellín,Sierra,1600000
51,2026-04-28,Medellín,Taladro,150000
190,2026-03-03,Cali,Martillo,90000
151,2026-08-28,  CALI ,Nivel,76000
54,2026-08-31,Cali,Destornillador,30000
26,2026-03-13,Cali,Sierra,960000
188,2026-06-19,Bogotá,Nivel,190000
176,2026-05-18,Bogotá,Nivel,
19,2026-02-06,Barranquilla,Nivel,
117,2026-06-17,Pereira,Martillo,180000
180,2026-07-01,Bogotá,Alicate,56000
73,2026-02-05,Barranquilla,Taladro,300000
181,2026-05-22,Barranquilla,Martillo,135000
74,2026-07-26,Medellín,Taladro,300000
60,2026-08-05,Cali,Alicate,56000
9,2026-03-21,Cali,Martillo,135000
75,2026-01-21,Barranquilla,Destornillador,30000
121,2026-05-27,Cali,Taladro,450000
153,2026-01-14,Medellín,Destornillador,75000
177,2026-05-23,Pereira,Sierra,320000
116,2026-06-03,  BARRANQUILLA ,Martillo,45000
105,2026-04-09,Pereira,Sierra,320000
1,2026-01-13,Bogotá,Nivel,38000
16,2026-04-30,Medellín,Martillo,45000
20,2026-05-06,Cali,Nivel,76000
142,2026-07-16,Cali,Sierra,640000
45,2026-09-28,Barranquilla,Sierra,960000
62,2026-02-20,Medellín,Alicate,140000
41,2026-05-03,Medellín,Martillo,135000
21,2026-05-19,Barranquilla,Alicate,112000
170,2026-08-08,Bogotá,Taladro,450000
68,2026-09-07,Cali,Nivel,190000
55,2026-04-08,Medellín,Alicate,112000
161,2026-01-11,Barranquilla,Sierra,640000
